{
	"parent": "minecraft:recipes/root",
	"rewards": {
		"recipes": [
			"blue_wool",
			"platy:blue_wool"
		]
	},
	"criteria": {
		"has_wool": {
			"trigger": "inventory_changed",
			"conditions": {
				"items": [{
					"tag": "wool"
				}]
			}
		},
		"has_recipe": {
			"trigger": "recipe_unlocked",
			"conditions": {
				"recipe": "blue_wool"
			}
		},
		"has_recipe2": {
			"trigger": "recipe_unlocked",
			"conditions": {
				"recipe": "platy:blue_wool"
			}
		}
	},
	"requirements": [
		[
			"has_wool",
			"has_recipe",
			"has_recipe2"
		]
	]
}