{
	"credit": "Made with Blockbench",
	"textures": {
		"0": "mobuckets/bucket",
		"1": "mobuckets/salmon",
		"particle": "mobuckets/bucket"
	},
	"elements": [
		{
			"from": [2, 9, 2],
			"to": [14, 11, 14],
			"faces": {
				"north": {"uv": [4, 6, 10, 7], "texture": "#0"},
				"east": {"uv": [4, 6, 10, 7], "texture": "#0"},
				"south": {"uv": [4, 6, 10, 7], "texture": "#0"},
				"west": {"uv": [4, 6, 10, 7], "texture": "#0"},
				"up": {"uv": [4, 0, 10, 6], "texture": "#0"},
				"down": {"uv": [4, 0, 10, 6], "texture": "#0"}
			}
		},
		{
			"from": [4, 10, 4],
			"to": [12, 10, 12],
			"faces": {
				"north": {"uv": [15.5, 15.5, 16, 16], "texture": "#0"},
				"east": {"uv": [15.5, 15.5, 16, 16], "texture": "#0"},
				"south": {"uv": [15.5, 15.5, 16, 16], "texture": "#0"},
				"west": {"uv": [15.5, 15.5, 16, 16], "texture": "#0"},
				"up": {"uv": [0, 5, 1.5, 6.5], "texture": "#0"},
				"down": {"uv": [15.5, 15.5, 16, 16], "texture": "#0"}
			}
		},
		{
			"from": [4, 0, 4],
			"to": [12, 1, 12],
			"faces": {
				"north": {"uv": [15.5, 15.5, 16, 16], "texture": "#0"},
				"east": {"uv": [15.5, 15.5, 16, 16], "texture": "#0"},
				"south": {"uv": [15.5, 15.5, 16, 16], "texture": "#0"},
				"west": {"uv": [15.5, 15.5, 16, 16], "texture": "#0"},
				"up": {"uv": [10.5, 7.5, 14.5, 11.5], "texture": "#0"},
				"down": {"uv": [5, 8, 9, 12], "texture": "#0"}
			}
		},
		{
			"from": [3, 0, 12],
			"to": [13, 11, 13],
			"rotation": {"angle": 0, "axis": "y", "origin": [8, 5.5, 8]},
			"faces": {
				"north": {"uv": [10, 7, 15, 12], "texture": "#0"},
				"east": {"uv": [15.5, 15.5, 16, 16], "texture": "#0"},
				"south": {"uv": [5, 7, 10, 12], "texture": "#0"},
				"west": {"uv": [15.5, 15.5, 16, 16], "texture": "#0"},
				"up": {"uv": [15.5, 15.5, 16, 16], "rotation": 180, "texture": "#0"},
				"down": {"uv": [5.5, 7.5, 10.5, 8], "rotation": 180, "texture": "#0"}
			}
		},
		{
			"from": [3, 0, 3],
			"to": [13, 11, 4],
			"rotation": {"angle": 0, "axis": "y", "origin": [8, 5.5, 8]},
			"faces": {
				"north": {"uv": [5, 7, 10, 12], "texture": "#0"},
				"east": {"uv": [15.5, 15.5, 16, 16], "texture": "#0"},
				"south": {"uv": [10, 7, 15, 12], "texture": "#0"},
				"west": {"uv": [15.5, 15.5, 16, 16], "texture": "#0"},
				"up": {"uv": [15.5, 15.5, 16, 16], "texture": "#0"},
				"down": {"uv": [5.5, 7.5, 10.5, 8], "texture": "#0"}
			}
		},
		{
			"from": [3, 0, 3],
			"to": [4, 11, 13],
			"rotation": {"angle": 0, "axis": "y", "origin": [8, 5.5, 8]},
			"faces": {
				"north": {"uv": [15.5, 15.5, 16, 16], "texture": "#0"},
				"east": {"uv": [10, 7, 15, 12], "texture": "#0"},
				"south": {"uv": [15.5, 15.5, 16, 16], "texture": "#0"},
				"west": {"uv": [5, 7, 10, 12], "texture": "#0"},
				"up": {"uv": [15.5, 15.5, 16, 16], "rotation": 270, "texture": "#0"},
				"down": {"uv": [5.5, 7.5, 10.5, 8], "rotation": 90, "texture": "#0"}
			}
		},
		{
			"from": [12, 0, 3],
			"to": [13, 11, 13],
			"rotation": {"angle": 0, "axis": "y", "origin": [8, 5.5, 8]},
			"faces": {
				"north": {"uv": [15.5, 15.5, 16, 16], "texture": "#0"},
				"east": {"uv": [5, 7, 10, 12], "texture": "#0"},
				"south": {"uv": [15.5, 15.5, 16, 16], "texture": "#0"},
				"west": {"uv": [10, 7, 15, 12], "texture": "#0"},
				"up": {"uv": [15.5, 15.5, 16, 16], "rotation": 90, "texture": "#0"},
				"down": {"uv": [11, 6.5, 11.5, 11.5], "texture": "#0"}
			}
		},
		{
			"name": "body",
			"from": [8, 6, 5],
			"to": [11, 14, 10],
			"rotation": {"angle": -22.5, "axis": "z", "origin": [8, 9, 8]},
			"faces": {
				"north": {"uv": [2.75, 0, 3.5, 2], "rotation": 180, "texture": "#1"},
				"east": {"uv": [0, 2, 2, 3.25], "rotation": 270, "texture": "#1"},
				"south": {"uv": [2, 0, 2.75, 2], "rotation": 180, "texture": "#1"},
				"west": {"uv": [2.75, 2, 4.75, 3.25], "rotation": 90, "texture": "#1"},
				"up": {"uv": [2, 2, 2.75, 3.25], "rotation": 180, "texture": "#1"},
				"down": {"uv": [4.75, 2, 5.5, 3.25], "texture": "#1"}
			}
		},
		{
			"name": "body",
			"from": [8, 4, 5],
			"to": [11, 12, 10],
			"rotation": {"angle": -22.5, "axis": "z", "origin": [8, 9, 8]},
			"faces": {
				"north": {"uv": [13.25, 9.5, 14, 11.5], "rotation": 180, "texture": "#1"},
				"east": {"uv": [10.5, 11.5, 12.5, 12.75], "rotation": 270, "texture": "#1"},
				"south": {"uv": [12.5, 9.5, 13.25, 11.5], "rotation": 180, "texture": "#1"},
				"west": {"uv": [13.25, 11.5, 15.25, 12.75], "rotation": 90, "texture": "#1"},
				"up": {"uv": [12.5, 11.5, 13.25, 12.75], "rotation": 180, "texture": "#1"},
				"down": {"uv": [15.25, 11.5, 16, 12.75], "texture": "#1"}
			}
		},
		{
			"name": "body",
			"from": [8, 5, 5],
			"to": [11, 13, 10],
			"rotation": {"angle": -22.5, "axis": "z", "origin": [8, 9, 8]},
			"faces": {
				"north": {"uv": [2.75, 9.5, 3.5, 11.5], "rotation": 180, "texture": "#1"},
				"east": {"uv": [0, 11.5, 2, 12.75], "rotation": 270, "texture": "#1"},
				"south": {"uv": [2, 9.5, 2.75, 11.5], "rotation": 180, "texture": "#1"},
				"west": {"uv": [2.75, 11.5, 4.75, 12.75], "rotation": 90, "texture": "#1"},
				"up": {"uv": [2, 11.5, 2.75, 12.75], "rotation": 180, "texture": "#1"},
				"down": {"uv": [4.75, 11.5, 5.5, 12.75], "texture": "#1"}
			}
		},
		{
			"name": "head",
			"from": [8, 12.5, 6],
			"to": [10, 15.5, 10],
			"rotation": {"angle": -22.5, "axis": "z", "origin": [9, 7.5, 8]},
			"faces": {
				"north": {"uv": [8.25, 0, 8.75, 0.75], "rotation": 180, "texture": "#1"},
				"east": {"uv": [7, 0.75, 7.75, 1.75], "rotation": 270, "texture": "#1"},
				"south": {"uv": [7.75, 0, 8.25, 0.75], "rotation": 180, "texture": "#1"},
				"west": {"uv": [8.25, 0.75, 9, 1.75], "rotation": 90, "texture": "#1"},
				"up": {"uv": [7.75, 0.75, 8.25, 1.75], "rotation": 180, "texture": "#1"},
				"down": {"uv": [4.75, 2, 5.5, 3.25], "texture": "#1"}
			}
		},
		{
			"name": "head",
			"from": [9.5, 11, 6],
			"to": [11.5, 14, 10],
			"rotation": {"angle": 0, "axis": "z", "origin": [5.5, 2.5, 8]},
			"faces": {
				"north": {"uv": [8.25, 2, 8.75, 2.75], "rotation": 180, "texture": "#1"},
				"east": {"uv": [7, 2.75, 7.75, 3.75], "rotation": 270, "texture": "#1"},
				"south": {"uv": [7.75, 2, 8.25, 2.75], "rotation": 180, "texture": "#1"},
				"west": {"uv": [8.25, 2.75, 9, 3.75], "rotation": 90, "texture": "#1"},
				"up": {"uv": [7.75, 2.75, 8.25, 3.75], "rotation": 180, "texture": "#1"},
				"down": {"uv": [8.75, 2.75, 9.5, 3.75], "texture": "#1"}
			}
		},
		{
			"name": "head",
			"from": [6, 14.5, 6],
			"to": [8, 17.5, 10],
			"rotation": {"angle": -45, "axis": "z", "origin": [7, 8.5, 8]},
			"faces": {
				"north": {"uv": [8.25, 4, 8.75, 4.75], "rotation": 180, "texture": "#1"},
				"east": {"uv": [7, 4.75, 7.75, 5.75], "rotation": 270, "texture": "#1"},
				"south": {"uv": [7.75, 4, 8.25, 4.75], "rotation": 180, "texture": "#1"},
				"west": {"uv": [8.25, 4.75, 9, 5.75], "rotation": 90, "texture": "#1"},
				"up": {"uv": [7.75, 4.75, 8.25, 5.75], "rotation": 180, "texture": "#1"},
				"down": {"uv": [8.75, 4.75, 9.5, 5.75], "texture": "#1"}
			}
		},
		{
			"name": "fin",
			"from": [6, 12, 6],
			"to": [13, 14, 6],
			"rotation": {"angle": -22.5, "axis": "z", "origin": [8, 9, 8]},
			"faces": {
				"north": {"uv": [12, 3.25, 10.25, 3.75], "rotation": 180, "texture": "#1"},
				"east": {"uv": [0, 2, 2, 3.25], "rotation": 270, "texture": "#1"},
				"south": {"uv": [10.25, 3.25, 12, 3.75], "rotation": 180, "texture": "#1"},
				"west": {"uv": [2.75, 2, 4.75, 3.25], "rotation": 90, "texture": "#1"},
				"up": {"uv": [2, 2, 2.75, 3.25], "rotation": 180, "texture": "#1"},
				"down": {"uv": [4.75, 2, 5.5, 3.25], "texture": "#1"}
			}
		},
		{
			"name": "fin",
			"from": [6, 11, 6],
			"to": [13, 13, 6],
			"rotation": {"angle": -22.5, "axis": "z", "origin": [8, 9, 8]},
			"faces": {
				"north": {"uv": [12, 2.75, 10.25, 3.25], "rotation": 180, "texture": "#1"},
				"east": {"uv": [0, 2, 2, 3.25], "rotation": 270, "texture": "#1"},
				"south": {"uv": [10.25, 2.75, 12, 3.25], "rotation": 180, "texture": "#1"},
				"west": {"uv": [2.75, 2, 4.75, 3.25], "rotation": 90, "texture": "#1"},
				"up": {"uv": [2, 2, 2.75, 3.25], "rotation": 180, "texture": "#1"},
				"down": {"uv": [4.75, 2, 5.5, 3.25], "texture": "#1"}
			}
		},
		{
			"name": "fin",
			"from": [6, 10, 6],
			"to": [13, 12, 6],
			"rotation": {"angle": -22.5, "axis": "z", "origin": [8, 9, 8]},
			"faces": {
				"north": {"uv": [12, 2.25, 10.25, 2.75], "rotation": 180, "texture": "#1"},
				"east": {"uv": [0, 2, 2, 3.25], "rotation": 270, "texture": "#1"},
				"south": {"uv": [10.25, 2.25, 12, 2.75], "rotation": 180, "texture": "#1"},
				"west": {"uv": [2.75, 2, 4.75, 3.25], "rotation": 90, "texture": "#1"},
				"up": {"uv": [2, 2, 2.75, 3.25], "rotation": 180, "texture": "#1"},
				"down": {"uv": [4.75, 2, 5.5, 3.25], "texture": "#1"}
			}
		},
		{
			"name": "body back",
			"from": [3.5, 5, 5.5],
			"to": [6.5, 13, 10.5],
			"rotation": {"angle": 22.5, "axis": "z", "origin": [10.5, 9, 8.5]},
			"faces": {
				"north": {"uv": [2.75, 3.25, 3.5, 5.25], "rotation": 180, "texture": "#1"},
				"east": {"uv": [0, 5.25, 2, 6.5], "rotation": 270, "texture": "#1"},
				"south": {"uv": [2, 3.25, 2.75, 5.25], "rotation": 180, "texture": "#1"},
				"west": {"uv": [2.75, 5.25, 4.75, 6.5], "rotation": 90, "texture": "#1"},
				"up": {"uv": [4.75, 5.25, 5.5, 6.5], "rotation": 180, "texture": "#1"},
				"down": {"uv": [4.75, 5.25, 5.5, 6.5], "texture": "#1"}
			}
		},
		{
			"name": "body back",
			"from": [3.5, 4, 5.5],
			"to": [6.5, 12, 10.5],
			"rotation": {"angle": 22.5, "axis": "z", "origin": [10.5, 9, 8.5]},
			"faces": {
				"north": {"uv": [2.75, 12.75, 3.5, 14.75], "rotation": 180, "texture": "#1"},
				"east": {"uv": [0, 14.75, 2, 16], "rotation": 270, "texture": "#1"},
				"south": {"uv": [2, 12.75, 2.75, 14.75], "rotation": 180, "texture": "#1"},
				"west": {"uv": [2.75, 14.75, 4.75, 16], "rotation": 90, "texture": "#1"},
				"up": {"uv": [4.75, 14.75, 5.5, 16], "rotation": 180, "texture": "#1"},
				"down": {"uv": [4.75, 5.25, 5.5, 6.5], "texture": "#1"}
			}
		},
		{
			"name": "body back",
			"from": [3.5, 3, 5.5],
			"to": [6.5, 11, 10.5],
			"rotation": {"angle": 22.5, "axis": "z", "origin": [10.5, 9, 8.5]},
			"faces": {
				"north": {"uv": [13.25, 12.75, 14, 14.75], "rotation": 180, "texture": "#1"},
				"east": {"uv": [10.5, 14.75, 12.5, 16], "rotation": 270, "texture": "#1"},
				"south": {"uv": [12.5, 12.75, 13.25, 14.75], "rotation": 180, "texture": "#1"},
				"west": {"uv": [13.25, 14.75, 15.25, 16], "rotation": 90, "texture": "#1"},
				"up": {"uv": [15.25, 14.75, 16, 16], "rotation": 180, "texture": "#1"},
				"down": {"uv": [4.75, 5.25, 5.5, 6.5], "texture": "#1"}
			}
		},
		{
			"name": "tail",
			"from": [4.35195, 8.77164, 5.5],
			"to": [4.35195, 14.77164, 10.5],
			"rotation": {"angle": 22.5, "axis": "z", "origin": [4.35195, 10.77164, 8]},
			"faces": {
				"north": {"uv": [2.75, 3.25, 3.5, 5.25], "rotation": 180, "texture": "#1"},
				"east": {"uv": [14.25, 2.75, 15.75, 4], "rotation": 270, "texture": "#1"},
				"south": {"uv": [2, 3.25, 2.75, 5.25], "rotation": 180, "texture": "#1"},
				"west": {"uv": [15.75, 2.75, 14.25, 4], "rotation": 90, "texture": "#1"},
				"up": {"uv": [2, 5.25, 2.75, 6.5], "rotation": 180, "texture": "#1"},
				"down": {"uv": [4.75, 5.25, 5.5, 6.5], "texture": "#1"}
			}
		},
		{
			"name": "tail",
			"from": [4.35195, 9.77164, 5.5],
			"to": [4.35195, 15.77164, 10.5],
			"rotation": {"angle": 45, "axis": "z", "origin": [4.35195, 10.77164, 8]},
			"faces": {
				"north": {"uv": [2.75, 3.25, 3.5, 5.25], "rotation": 180, "texture": "#1"},
				"east": {"uv": [14.25, 1.5, 15.75, 2.75], "rotation": 270, "texture": "#1"},
				"south": {"uv": [2, 3.25, 2.75, 5.25], "rotation": 180, "texture": "#1"},
				"west": {"uv": [15.75, 1.5, 14.25, 2.75], "rotation": 90, "texture": "#1"},
				"up": {"uv": [2, 5.25, 2.75, 6.5], "rotation": 180, "texture": "#1"},
				"down": {"uv": [4.75, 5.25, 5.5, 6.5], "texture": "#1"}
			}
		},
		{
			"name": "tail",
			"from": [-1.64805, 10.77164, 5.5],
			"to": [4.35195, 10.77164, 10.5],
			"rotation": {"angle": -22.5, "axis": "z", "origin": [4.35195, 9.77164, 8]},
			"faces": {
				"north": {"uv": [2.75, 3.25, 3.5, 5.25], "rotation": 270, "texture": "#1"},
				"east": {"uv": [4.75, 5.25, 5.5, 6.5], "rotation": 270, "texture": "#1"},
				"south": {"uv": [2, 3.25, 2.75, 5.25], "rotation": 90, "texture": "#1"},
				"west": {"uv": [2, 5.25, 2.75, 6.5], "rotation": 90, "texture": "#1"},
				"up": {"uv": [14.25, 0.25, 15.75, 1.5], "rotation": 180, "texture": "#1"},
				"down": {"uv": [15.75, 0.25, 14.25, 1.5], "texture": "#1"}
			}
		}
	],
	"display": {
		"thirdperson_righthand": {
			"rotation": [37, 0, 0],
			"translation": [0, 1.5, 1.75],
			"scale": [0.5, 0.5, 0.5]
		},
		"thirdperson_lefthand": {
			"rotation": [37, 0, 0],
			"translation": [0, 1.5, 1.75],
			"scale": [0.5, 0.5, 0.5]
		},
		"firstperson_righthand": {
			"rotation": [13, 112, -10.5],
			"translation": [13, -3.5, -12.75]
		},
		"firstperson_lefthand": {
			"rotation": [13, 112, -10.5],
			"translation": [13, -3.5, -12.75]
		},
		"gui": {
			"rotation": [22.5, 137, 0],
			"translation": [0, 1.75, 0],
			"scale": [0.9, 0.9, 0.9]
		},
		"head": {
			"translation": [0, 3.399, -0.39]
		},
		"fixed": {
			"rotation": [-6.75, 0, 0]
		}
	},
	"groups": [
		{
			"name": "bucket",
			"origin": [0, 0, 0],
			"children": [0, 1, 2, 3, 4, 5, 6]
		}, 7, 8, 9, 10, 11, 12, 13, 14, 15, 16, 17, 18, 19, 20, 21]
}