{
	"parent": "minecraft:story/mine_diamond",
	"display": {
		"icon": {
			"item": "diamond_chestplate"
		},
		"title": {
			"translate": "advancements.story.shiny_gear.title"
		},
		"description": {
			"translate": "advancements.story.shiny_gear.description"
		},
		"announce_to_chat": false
	},
	"criteria": {
		"diamond_armor": {
			"trigger": "inventory_changed",
			"conditions": {
				"items": [{
					"items": [
						"diamond_helmet",
						"diamond_chestplate",
						"diamond_leggings",
						"diamond_boots"
					]
				}]
			}
		}
	}
}