{
	"display": {
		"icon": {
			"item": "stone_brick_stairs"
		},
		"title": "Ah... My Old Enemy: Stairs",
		"description": "Craft every type of stair",
		"frame": "challenge"
	},
	"parent": "platy:building/all_walls",
	"rewards": {
		"experience": 115
	},
	"criteria": {
		"purpur": {
			"trigger": "inventory_changed",
			"conditions": {
				"items": [{
					"items": ["purpur_stairs"]
				}]
			}
		},
		"oak": {
			"trigger": "inventory_changed",
			"conditions": {
				"items": [{
					"items": ["oak_stairs"]
				}]
			}
		},
		"cobblestone": {
			"trigger": "inventory_changed",
			"conditions": {
				"items": [{
					"items": ["cobblestone_stairs"]
				}]
			}
		},
		"brick": {
			"trigger": "inventory_changed",
			"conditions": {
				"items": [{
					"items": ["brick_stairs"]
				}]
			}
		},
		"stone_brick": {
			"trigger": "inventory_changed",
			"conditions": {
				"items": [{
					"items": ["stone_brick_stairs"]
				}]
			}
		},
		"nether_brick": {
			"trigger": "inventory_changed",
			"conditions": {
				"items": [{
					"items": ["nether_brick_stairs"]
				}]
			}
		},
		"sandstone": {
			"trigger": "inventory_changed",
			"conditions": {
				"items": [{
					"items": ["sandstone_stairs"]
				}]
			}
		},
		"spruce": {
			"trigger": "inventory_changed",
			"conditions": {
				"items": [{
					"items": ["spruce_stairs"]
				}]
			}
		},
		"birch": {
			"trigger": "inventory_changed",
			"conditions": {
				"items": [{
					"items": ["birch_stairs"]
				}]
			}
		},
		"jungle": {
			"trigger": "inventory_changed",
			"conditions": {
				"items": [{
					"items": ["jungle_stairs"]
				}]
			}
		},
		"quartz": {
			"trigger": "inventory_changed",
			"conditions": {
				"items": [{
					"items": ["quartz_stairs"]
				}]
			}
		},
		"acacia": {
			"trigger": "inventory_changed",
			"conditions": {
				"items": [{
					"items": ["acacia_stairs"]
				}]
			}
		},
		"dark_oak": {
			"trigger": "inventory_changed",
			"conditions": {
				"items": [{
					"items": ["dark_oak_stairs"]
				}]
			}
		},
		"prismarine": {
			"trigger": "inventory_changed",
			"conditions": {
				"items": [{
					"items": ["prismarine_stairs"]
				}]
			}
		},
		"prismarine_bricks": {
			"trigger": "inventory_changed",
			"conditions": {
				"items": [{
					"items": ["prismarine_brick_stairs"]
				}]
			}
		},
		"dark_prismarine": {
			"trigger": "inventory_changed",
			"conditions": {
				"items": [{
					"items": ["dark_prismarine_stairs"]
				}]
			}
		},
		"red_sandstone": {
			"trigger": "inventory_changed",
			"conditions": {
				"items": [{
					"items": ["red_sandstone_stairs"]
				}]
			}
		},
		"polished_granite": {
			"trigger": "inventory_changed",
			"conditions": {
				"items": [{
					"items": ["polished_granite_stairs"]
				}]
			}
		},
		"smooth_red_sandstone": {
			"trigger": "inventory_changed",
			"conditions": {
				"items": [{
					"items": ["smooth_red_sandstone_stairs"]
				}]
			}
		},
		"mossy_stone_brick": {
			"trigger": "inventory_changed",
			"conditions": {
				"items": [{
					"items": ["mossy_stone_brick_stairs"]
				}]
			}
		},
		"polished_diorite": {
			"trigger": "inventory_changed",
			"conditions": {
				"items": [{
					"items": ["polished_diorite_stairs"]
				}]
			}
		},
		"mossy_cobblestone": {
			"trigger": "inventory_changed",
			"conditions": {
				"items": [{
					"items": ["mossy_cobblestone_stairs"]
				}]
			}
		},
		"end_stone_brick": {
			"trigger": "inventory_changed",
			"conditions": {
				"items": [{
					"items": ["end_stone_brick_stairs"]
				}]
			}
		},
		"stone": {
			"trigger": "inventory_changed",
			"conditions": {
				"items": [{
					"items": ["stone_stairs"]
				}]
			}
		},
		"smooth_sandstone": {
			"trigger": "inventory_changed",
			"conditions": {
				"items": [{
					"items": ["smooth_sandstone_stairs"]
				}]
			}
		},
		"smooth_quartz": {
			"trigger": "inventory_changed",
			"conditions": {
				"items": [{
					"items": ["smooth_quartz_stairs"]
				}]
			}
		},
		"granite": {
			"trigger": "inventory_changed",
			"conditions": {
				"items": [{
					"items": ["granite_stairs"]
				}]
			}
		},
		"andesite": {
			"trigger": "inventory_changed",
			"conditions": {
				"items": [{
					"items": ["andesite_stairs"]
				}]
			}
		},
		"red_nether_brick": {
			"trigger": "inventory_changed",
			"conditions": {
				"items": [{
					"items": ["red_nether_brick_stairs"]
				}]
			}
		},
		"polished_andesite": {
			"trigger": "inventory_changed",
			"conditions": {
				"items": [{
					"items": ["polished_andesite_stairs"]
				}]
			}
		},
		"diorite": {
			"trigger": "inventory_changed",
			"conditions": {
				"items": [{
					"items": ["diorite_stairs"]
				}]
			}
		},
		"crimson": {
			"trigger": "inventory_changed",
			"conditions": {
				"items": [{
					"items": ["crimson_stairs"]
				}]
			}
		},
		"warped": {
			"trigger": "inventory_changed",
			"conditions": {
				"items": [{
					"items": ["warped_stairs"]
				}]
			}
		},
		"blackstone": {
			"trigger": "inventory_changed",
			"conditions": {
				"items": [{
					"items": ["blackstone_stairs"]
				}]
			}
		},
		"polished_blackstone": {
			"trigger": "inventory_changed",
			"conditions": {
				"items": [{
					"items": ["polished_blackstone_stairs"]
				}]
			}
		},
		"polished_blackstone_brick": {
			"trigger": "inventory_changed",
			"conditions": {
				"items": [{
					"items": ["polished_blackstone_brick_stairs"]
				}]
			}
		},
		"cut_copper": {
			"trigger": "inventory_changed",
			"conditions": {
				"items": [{
					"tag": "platy:cut_copper_stairs"
				}]
			}
		},
		"exposed_cut_copper": {
			"trigger": "inventory_changed",
			"conditions": {
				"items": [{
					"tag": "platy:exposed_cut_copper_stairs"
				}]
			}
		},
		"weathered_cut_copper": {
			"trigger": "inventory_changed",
			"conditions": {
				"items": [{
					"tag": "platy:weathered_cut_copper_stairs"
				}]
			}
		},
		"oxidized_cut_copper": {
			"trigger": "inventory_changed",
			"conditions": {
				"items": [{
					"tag": "platy:oxidized_cut_copper_stairs"
				}]
			}
		},
		"cobbled_deepslate": {
			"trigger": "inventory_changed",
			"conditions": {
				"items": [{
					"items": ["cobbled_deepslate_stairs"]
				}]
			}
		},
		"polished_deepslate": {
			"trigger": "inventory_changed",
			"conditions": {
				"items": [{
					"items": ["polished_deepslate_stairs"]
				}]
			}
		},
		"deepslate_tile": {
			"trigger": "inventory_changed",
			"conditions": {
				"items": [{
					"items": ["deepslate_tile_stairs"]
				}]
			}
		},
		"deepslate_brick": {
			"trigger": "inventory_changed",
			"conditions": {
				"items": [{
					"items": ["deepslate_brick_stairs"]
				}]
			}
		}
	}
}