{
	"display": {
		"icon": {
			"item": "armor_stand"
		},
		"title": "Castle Guards",
		"description": "Place an armor stand to display your armor",
		"announce_to_chat": false
	},
	"parent": "platy:building/item_frame",
	"criteria": {
		"armor_stand": {
			"trigger": "location",
			"conditions": {
				"player": {
					"player": {
						"stats": [{
							"type": "used",
							"stat": "armor_stand",
							"value": {
								"min": 1
							}
						}]
					}
				}
			}
		}
	}
}