{
  "credit": "Made by AlleCraft",
  "variants": {
    "": 
    [
      { "model": "appliedenergistics2:block/quartz_ore_0", "weight": 1 },
      { "model": "appliedenergistics2:block/quartz_ore_0", "weight": 1, "x": 180 },
      { "model": "appliedenergistics2:block/quartz_ore_0", "weight": 1, "y": 180 },
      { "model": "appliedenergistics2:block/quartz_ore_0", "weight": 1, "y": 180, "x": 180 },

      { "model": "appliedenergistics2:block/quartz_ore_1", "weight": 1 },
      { "model": "appliedenergistics2:block/quartz_ore_1", "weight": 1, "x": 180 },
      { "model": "appliedenergistics2:block/quartz_ore_1", "weight": 1, "y": 180 },
      { "model": "appliedenergistics2:block/quartz_ore_1", "weight": 1, "y": 180, "x": 180 },

      { "model": "appliedenergistics2:block/quartz_ore_2", "weight": 1 },
      { "model": "appliedenergistics2:block/quartz_ore_2", "weight": 1, "x": 180 },
      { "model": "appliedenergistics2:block/quartz_ore_2", "weight": 1, "y": 180 },
      { "model": "appliedenergistics2:block/quartz_ore_2", "weight": 1, "y": 180, "x": 180 },
      
      { "model": "appliedenergistics2:block/quartz_ore_3", "weight": 1 },
      { "model": "appliedenergistics2:block/quartz_ore_3", "weight": 1, "x": 180 },
      { "model": "appliedenergistics2:block/quartz_ore_3", "weight": 1, "y": 180 },
      { "model": "appliedenergistics2:block/quartz_ore_3", "weight": 1, "y": 180, "x": 180 }
    ]
  }
}
