{
	"display": {
		"icon": {
			"item": "orange_dye"
		},
		"title": "Essence of Color",
		"description": "Collect all 16 dye colors"
	},
	"parent": "platy:collection/root",
	"rewards": {
		"experience": 50
	},
	"criteria": {
		"black": {
			"trigger": "inventory_changed",
			"conditions": {
				"items": [
					{
						"items": ["black_dye"]
					}
				]
			}
		},
		"red": {
			"trigger": "inventory_changed",
			"conditions": {
				"items": [
					{
						"items": ["red_dye"]
					}
				]
			}
		},
		"green": {
			"trigger": "inventory_changed",
			"conditions": {
				"items": [
					{
						"items": ["green_dye"]
					}
				]
			}
		},
		"brown": {
			"trigger": "inventory_changed",
			"conditions": {
				"items": [
					{
						"items": ["brown_dye"]
					}
				]
			}
		},
		"blue": {
			"trigger": "inventory_changed",
			"conditions": {
				"items": [
					{
						"items": ["blue_dye"]
					}
				]
			}
		},
		"purple": {
			"trigger": "inventory_changed",
			"conditions": {
				"items": [
					{
						"items": ["purple_dye"]
					}
				]
			}
		},
		"cyan": {
			"trigger": "inventory_changed",
			"conditions": {
				"items": [
					{
						"items": ["cyan_dye"]
					}
				]
			}
		},
		"light_gray": {
			"trigger": "inventory_changed",
			"conditions": {
				"items": [
					{
						"items": ["light_gray_dye"]
					}
				]
			}
		},
		"gray": {
			"trigger": "inventory_changed",
			"conditions": {
				"items": [
					{
						"items": ["gray_dye"]
					}
				]
			}
		},
		"pink": {
			"trigger": "inventory_changed",
			"conditions": {
				"items": [
					{
						"items": ["pink_dye"]
					}
				]
			}
		},
		"lime": {
			"trigger": "inventory_changed",
			"conditions": {
				"items": [
					{
						"items": ["lime_dye"]
					}
				]
			}
		},
		"yellow": {
			"trigger": "inventory_changed",
			"conditions": {
				"items": [
					{
						"items": ["yellow_dye"]
					}
				]
			}
		},
		"light_blue": {
			"trigger": "inventory_changed",
			"conditions": {
				"items": [
					{
						"items": ["light_blue_dye"]
					}
				]
			}
		},
		"magenta": {
			"trigger": "inventory_changed",
			"conditions": {
				"items": [
					{
						"items": ["magenta_dye"]
					}
				]
			}
		},
		"orange": {
			"trigger": "inventory_changed",
			"conditions": {
				"items": [
					{
						"items": ["orange_dye"]
					}
				]
			}
		},
		"white": {
			"trigger": "inventory_changed",
			"conditions": {
				"items": [
					{
						"items": ["white_dye"]
					}
				]
			}
		}
	}
}