{
	"display": {
		"icon": {
			"item": "black_bed"
		},
		"title": "Sweet Dreams",
		"description": "Collect all 16 bed colors"
	},
	"parent": "platy:collection/wool",
	"rewards": {
		"experience": 75
	},
	"criteria": {
		"white": {
			"trigger": "inventory_changed",
			"conditions": {
				"items": [
					{
						"items": ["white_bed"]
					}
				]
			}
		},
		"orange": {
			"trigger": "inventory_changed",
			"conditions": {
				"items": [
					{
						"items": ["orange_bed"]
					}
				]
			}
		},
		"magenta": {
			"trigger": "inventory_changed",
			"conditions": {
				"items": [
					{
						"items": ["magenta_bed"]
					}
				]
			}
		},
		"light_blue": {
			"trigger": "inventory_changed",
			"conditions": {
				"items": [
					{
						"items": ["light_blue_bed"]
					}
				]
			}
		},
		"yellow": {
			"trigger": "inventory_changed",
			"conditions": {
				"items": [
					{
						"items": ["yellow_bed"]
					}
				]
			}
		},
		"lime": {
			"trigger": "inventory_changed",
			"conditions": {
				"items": [
					{
						"items": ["lime_bed"]
					}
				]
			}
		},
		"pink": {
			"trigger": "inventory_changed",
			"conditions": {
				"items": [
					{
						"items": ["pink_bed"]
					}
				]
			}
		},
		"gray": {
			"trigger": "inventory_changed",
			"conditions": {
				"items": [
					{
						"items": ["gray_bed"]
					}
				]
			}
		},
		"light_gray": {
			"trigger": "inventory_changed",
			"conditions": {
				"items": [
					{
						"items": ["light_gray_bed"]
					}
				]
			}
		},
		"cyan": {
			"trigger": "inventory_changed",
			"conditions": {
				"items": [
					{
						"items": ["cyan_bed"]
					}
				]
			}
		},
		"purple": {
			"trigger": "inventory_changed",
			"conditions": {
				"items": [
					{
						"items": ["purple_bed"]
					}
				]
			}
		},
		"blue": {
			"trigger": "inventory_changed",
			"conditions": {
				"items": [
					{
						"items": ["blue_bed"]
					}
				]
			}
		},
		"brown": {
			"trigger": "inventory_changed",
			"conditions": {
				"items": [
					{
						"items": ["brown_bed"]
					}
				]
			}
		},
		"green": {
			"trigger": "inventory_changed",
			"conditions": {
				"items": [
					{
						"items": ["green_bed"]
					}
				]
			}
		},
		"red": {
			"trigger": "inventory_changed",
			"conditions": {
				"items": [
					{
						"items": ["red_bed"]
					}
				]
			}
		},
		"black": {
			"trigger": "inventory_changed",
			"conditions": {
				"items": [
					{
						"items": ["black_bed"]
					}
				]
			}
		}
	}
}