{
	"display": {
		"icon": {
			"item": "purple_carpet"
		},
		"title": "Fuzzy Feet",
		"description": "Collect all 16 carpet colors"
	},
	"parent": "platy:collection/wool",
	"rewards": {
		"experience": 75
	},
	"criteria": {
		"white": {
			"trigger": "inventory_changed",
			"conditions": {
				"items": [
					{
						"items": ["white_carpet"]
					}
				]
			}
		},
		"orange": {
			"trigger": "inventory_changed",
			"conditions": {
				"items": [
					{
						"items": ["orange_carpet"]
					}
				]
			}
		},
		"magenta": {
			"trigger": "inventory_changed",
			"conditions": {
				"items": [
					{
						"items": ["magenta_carpet"]
					}
				]
			}
		},
		"light_blue": {
			"trigger": "inventory_changed",
			"conditions": {
				"items": [
					{
						"items": ["light_blue_carpet"]
					}
				]
			}
		},
		"yellow": {
			"trigger": "inventory_changed",
			"conditions": {
				"items": [
					{
						"items": ["yellow_carpet"]
					}
				]
			}
		},
		"lime": {
			"trigger": "inventory_changed",
			"conditions": {
				"items": [
					{
						"items": ["lime_carpet"]
					}
				]
			}
		},
		"pink": {
			"trigger": "inventory_changed",
			"conditions": {
				"items": [
					{
						"items": ["pink_carpet"]
					}
				]
			}
		},
		"gray": {
			"trigger": "inventory_changed",
			"conditions": {
				"items": [
					{
						"items": ["gray_carpet"]
					}
				]
			}
		},
		"light_gray": {
			"trigger": "inventory_changed",
			"conditions": {
				"items": [
					{
						"items": ["light_gray_carpet"]
					}
				]
			}
		},
		"cyan": {
			"trigger": "inventory_changed",
			"conditions": {
				"items": [
					{
						"items": ["cyan_carpet"]
					}
				]
			}
		},
		"purple": {
			"trigger": "inventory_changed",
			"conditions": {
				"items": [
					{
						"items": ["purple_carpet"]
					}
				]
			}
		},
		"blue": {
			"trigger": "inventory_changed",
			"conditions": {
				"items": [
					{
						"items": ["blue_carpet"]
					}
				]
			}
		},
		"brown": {
			"trigger": "inventory_changed",
			"conditions": {
				"items": [
					{
						"items": ["brown_carpet"]
					}
				]
			}
		},
		"green": {
			"trigger": "inventory_changed",
			"conditions": {
				"items": [
					{
						"items": ["green_carpet"]
					}
				]
			}
		},
		"red": {
			"trigger": "inventory_changed",
			"conditions": {
				"items": [
					{
						"items": ["red_carpet"]
					}
				]
			}
		},
		"black": {
			"trigger": "inventory_changed",
			"conditions": {
				"items": [
					{
						"items": ["black_carpet"]
					}
				]
			}
		}
	}
}