{
	"display": {
		"icon": {
			"item": "horn_coral_fan"
		},
		"title": "Fanatics",
		"description": "Collect all 10 coral fan types"
	},
	"parent": "platy:collection/coral",
	"rewards": {
		"experience": 40
	},
	"criteria": {
		"tube": {
			"trigger": "inventory_changed",
			"conditions": {
				"items": [
					{
						"items": ["tube_coral_fan"]
					}
				]
			}
		},
		"brain": {
			"trigger": "inventory_changed",
			"conditions": {
				"items": [
					{
						"items": ["brain_coral_fan"]
					}
				]
			}
		},
		"bubble": {
			"trigger": "inventory_changed",
			"conditions": {
				"items": [
					{
						"items": ["bubble_coral_fan"]
					}
				]
			}
		},
		"fire": {
			"trigger": "inventory_changed",
			"conditions": {
				"items": [
					{
						"items": ["fire_coral_fan"]
					}
				]
			}
		},
		"horn": {
			"trigger": "inventory_changed",
			"conditions": {
				"items": [
					{
						"items": ["horn_coral_fan"]
					}
				]
			}
		},
		"dead_tube": {
			"trigger": "inventory_changed",
			"conditions": {
				"items": [
					{
						"items": ["dead_tube_coral_fan"]
					}
				]
			}
		},
		"dead_brain": {
			"trigger": "inventory_changed",
			"conditions": {
				"items": [
					{
						"items": ["dead_brain_coral_fan"]
					}
				]
			}
		},
		"dead_bubble": {
			"trigger": "inventory_changed",
			"conditions": {
				"items": [
					{
						"items": ["dead_bubble_coral_fan"]
					}
				]
			}
		},
		"dead_fire": {
			"trigger": "inventory_changed",
			"conditions": {
				"items": [
					{
						"items": ["dead_fire_coral_fan"]
					}
				]
			}
		},
		"dead_horn": {
			"trigger": "inventory_changed",
			"conditions": {
				"items": [
					{
						"items": ["dead_horn_coral_fan"]
					}
				]
			}
		}
	}
}