{
    "parent": "minecraft:recipes/root",
    "criteria": {
        "has_deepslate": {
            "trigger": "minecraft:inventory_changed",
            "conditions": {
                "items": [
                    {
                        "item": "minecraft:deepslate"
                    }
                ]
            }
        },
        "has_vines": {
            "trigger": "minecraft:inventory_changed",
            "conditions": {
                "items": [
                    {
                        "item": "minecraft:twisting_vines"
                    }
                ]
            }
        },
        "has_eye": {
            "trigger": "minecraft:inventory_changed",
            "conditions": {
                "items": [
                    {
                        "item": "minecraft:ender_eye"
                    }
                ]
            }
        },
        "has_heart": {
            "trigger": "minecraft:inventory_changed",
            "conditions": {
                "items": [
                    {
                        "item": "minecraft:heart_of_the_sea"
                    }
                ]
            }
        }
    },
    "requirements": [
        [
            "has_deepslate", "has_vines", "has_eye", "has_heart"
        ]
    ],
    "rewards": {
        "recipes": [
            "iwssn:sculk_sensor"
        ]
    }
}
