{
	"display": {
		"icon": {
			"item": "apple"
		},
		"title": {
			"translate": "advancements.husbandry.balanced_diet.title"
		},
		"description": {
			"translate": "advancements.husbandry.balanced_diet.description"
		},
		"frame": "challenge"
	},
	"parent": "minecraft:husbandry/bread",
	"rewards": {
		"experience": 250
	},
	"criteria": {
		"apple": {
			"trigger": "consume_item",
			"conditions": {
				"item": {
					"items": ["apple"]
				}
			}
		},
		"baked_potato": {
			"trigger": "consume_item",
			"conditions": {
				"item": {
					"items": ["baked_potato"]
				}
			}
		},
		"beef": {
			"trigger": "consume_item",
			"conditions": {
				"item": {
					"items": ["beef"]
				}
			}
		},
		"beetroot": {
			"trigger": "consume_item",
			"conditions": {
				"item": {
					"items": ["beetroot"]
				}
			}
		},
		"beetroot_soup": {
			"trigger": "consume_item",
			"conditions": {
				"item": {
					"items": ["beetroot_soup"]
				}
			}
		},
		"bread": {
			"trigger": "consume_item",
			"conditions": {
				"item": {
					"items": ["bread"]
				}
			}
		},
		"cake": {
			"trigger": "location",
			"conditions": {
				"player": {
					"player": {
						"stats": [{
							"type": "custom",
							"stat": "eat_cake_slice",
							"value": {
								"min": 1
							}
						}]
					}
				}
			}
		},
		"carrot": {
			"trigger": "consume_item",
			"conditions": {
				"item": {
					"items": ["carrot"]
				}
			}
		},
		"chicken": {
			"trigger": "consume_item",
			"conditions": {
				"item": {
					"items": ["chicken"]
				}
			}
		},
		"chorus_fruit": {
			"trigger": "consume_item",
			"conditions": {
				"item": {
					"items": ["chorus_fruit"]
				}
			}
		},
		"cod": {
			"trigger": "consume_item",
			"conditions": {
				"item": {
					"items": ["cod"]
				}
			}
		},
		"cooked_beef": {
			"trigger": "consume_item",
			"conditions": {
				"item": {
					"items": ["cooked_beef"]
				}
			}
		},
		"cooked_chicken": {
			"trigger": "consume_item",
			"conditions": {
				"item": {
					"items": ["cooked_chicken"]
				}
			}
		},
		"cooked_cod": {
			"trigger": "consume_item",
			"conditions": {
				"item": {
					"items": ["cooked_cod"]
				}
			}
		},
		"cooked_mutton": {
			"trigger": "consume_item",
			"conditions": {
				"item": {
					"items": ["cooked_mutton"]
				}
			}
		},
		"cooked_porkchop": {
			"trigger": "consume_item",
			"conditions": {
				"item": {
					"items": ["cooked_porkchop"]
				}
			}
		},
		"cooked_rabbit": {
			"trigger": "consume_item",
			"conditions": {
				"item": {
					"items": ["cooked_rabbit"]
				}
			}
		},
		"cooked_salmon": {
			"trigger": "consume_item",
			"conditions": {
				"item": {
					"items": ["cooked_salmon"]
				}
			}
		},
		"cookie": {
			"trigger": "consume_item",
			"conditions": {
				"item": {
					"items": ["cookie"]
				}
			}
		},
		"dried_kelp": {
			"trigger": "consume_item",
			"conditions": {
				"item": {
					"items": ["dried_kelp"]
				}
			}
		},
		"enchanted_golden_apple": {
			"trigger": "consume_item",
			"conditions": {
				"item": {
					"items": ["enchanted_golden_apple"]
				}
			}
		},
		"glow_berries": {
			"trigger": "consume_item",
			"conditions": {
				"item": {
					"items": ["glow_berries"]
				}
			}
		},
		"golden_apple": {
			"trigger": "consume_item",
			"conditions": {
				"item": {
					"items": ["golden_apple"]
				}
			}
		},
		"golden_carrot": {
			"trigger": "consume_item",
			"conditions": {
				"item": {
					"items": ["golden_carrot"]
				}
			}
		},
		"honey_bottle": {
			"trigger": "consume_item",
			"conditions": {
				"item": {
					"items": ["honey_bottle"]
				}
			}
		},
		"melon_slice": {
			"trigger": "consume_item",
			"conditions": {
				"item": {
					"items": ["melon_slice"]
				}
			}
		},
		"mushroom_stew": {
			"trigger": "consume_item",
			"conditions": {
				"item": {
					"items": ["mushroom_stew"]
				}
			}
		},
		"mutton": {
			"trigger": "consume_item",
			"conditions": {
				"item": {
					"items": ["mutton"]
				}
			}
		},
		"poisonous_potato": {
			"trigger": "consume_item",
			"conditions": {
				"item": {
					"items": ["poisonous_potato"]
				}
			}
		},
		"porkchop": {
			"trigger": "consume_item",
			"conditions": {
				"item": {
					"items": ["porkchop"]
				}
			}
		},
		"potato": {
			"trigger": "consume_item",
			"conditions": {
				"item": {
					"items": ["potato"]
				}
			}
		},
		"pufferfish": {
			"trigger": "consume_item",
			"conditions": {
				"item": {
					"items": ["pufferfish"]
				}
			}
		},
		"pumpkin_pie": {
			"trigger": "consume_item",
			"conditions": {
				"item": {
					"items": ["pumpkin_pie"]
				}
			}
		},
		"rabbit": {
			"trigger": "consume_item",
			"conditions": {
				"item": {
					"items": ["rabbit"]
				}
			}
		},
		"rabbit_stew": {
			"trigger": "consume_item",
			"conditions": {
				"item": {
					"items": ["rabbit_stew"]
				}
			}
		},
		"rotten_flesh": {
			"trigger": "consume_item",
			"conditions": {
				"item": {
					"items": ["rotten_flesh"]
				}
			}
		},
		"salmon": {
			"trigger": "consume_item",
			"conditions": {
				"item": {
					"items": ["salmon"]
				}
			}
		},
		"spider_eye": {
			"trigger": "consume_item",
			"conditions": {
				"item": {
					"items": ["spider_eye"]
				}
			}
		},
		"suspicious_stew": {
			"trigger": "consume_item",
			"conditions": {
				"item": {
					"items": ["suspicious_stew"]
				}
			}
		},
		"sweet_berries": {
			"trigger": "consume_item",
			"conditions": {
				"item": {
					"items": ["sweet_berries"]
				}
			}
		},
		"tropical_fish": {
			"trigger": "consume_item",
			"conditions": {
				"item": {
					"items": ["tropical_fish"]
				}
			}
		}
	}
}