{
	"display": {
		"icon": {
			"item": "player_head",
			"nbt": "{SkullOwner:{Id:[I;-1953028026,-856931226,-1240793240,-1598231354],Properties:{textures:[{Value:'eyJ0ZXh0dXJlcyI6eyJTS0lOIjp7InVybCI6Imh0dHA6Ly90ZXh0dXJlcy5taW5lY3JhZnQubmV0L3RleHR1cmUvMWZkZmQxZjc1MzhjMDQwMjU4YmU3YTkxNDQ2ZGE4OWVkODQ1Y2M1ZWY3MjhlYjVlNjkwNTQzMzc4ZmNmNCJ9fX0='}]}}}"
		},
		"title": "Frosty",
		"description": "Bring a snowman to life",
		"announce_to_chat": false
	},
	"parent": "minecraft:husbandry/pumpkin",
	"criteria": {
		"snow_golem": {
			"trigger": "summoned_entity",
			"conditions": {
				"entity": {
					"type": "snow_golem"
				}
			}
		}
	}
}