{
	"display": {
		"icon": {
			"item": "beehive"
		},
		"title": "Apiarist",
		"description": "Safely transport a hive with three bees",
		"announce_to_chat": false
	},
	"parent": "minecraft:husbandry/breed_bees",
	"criteria": {
		"silk_nest": {
			"trigger": "bee_nest_destroyed",
			"conditions": {
				"tag": "beehives",
				"item": {
					"enchantments": [{
						"enchantment": "silk_touch",
						"levels": {
							"min": 1
						}
					}]
				},
				"num_bees_inside": 3
			}
		}
	}
}