{
	"parent": "minecraft:recipes/root",
	"rewards": {
		"recipes": [
			"iron_nugget_from_blasting"
		]
	},
	"criteria": {
		"has_ingredient": {
			"trigger": "inventory_changed",
			"conditions": {
				"items": [
					{
						"tag": "platy:iron_nugget_sources"
					}
				]
			}
		},
		"has_the_recipe": {
			"trigger": "recipe_unlocked",
			"conditions": {
				"recipe": "iron_nugget_from_blasting"
			}
		}
	},
	"requirements": [
		[
			"has_ingredient",
			"has_the_recipe"
		]
	]
}