{
	"display": {
		"icon": {
			"item": "purpur_pillar"
		},
		"title": "PurPurfect",
		"description": "Craft all purpur variants",
		"frame": "goal",
		"announce_to_chat": false
	},
	"parent": "minecraft:end/chorus_fruit",
	"criteria": {
		"block": {
			"trigger": "inventory_changed",
			"conditions": {
				"items": [{
					"items": ["purpur_block"]
				}]
			}
		},
		"pillar": {
			"trigger": "inventory_changed",
			"conditions": {
				"items": [{
					"items": ["purpur_pillar"]
				}]
			}
		},
		"stairs": {
			"trigger": "inventory_changed",
			"conditions": {
				"items": [{
					"items": ["purpur_stairs"]
				}]
			}
		},
		"slab": {
			"trigger": "inventory_changed",
			"conditions": {
				"items": [{
					"items": ["purpur_slab"]
				}]
			}
		}
	}
}