{
	"parent": "minecraft:end/kill_dragon",
	"display": {
		"icon": {
			"item": "dragon_breath"
		},
		"title": {
			"translate": "advancements.end.dragon_breath.title"
		},
		"description": {
			"translate": "advancements.end.dragon_breath.description"
		},
		"frame": "goal",
		"announce_to_chat": false
	},
	"criteria": {
		"dragon_breath": {
			"trigger": "inventory_changed",
			"conditions": {
				"items": [{
					"items": [
						":dragon_breath"
					]
				}]
			}
		}
	}
}