{
    "credit": "Made by AlleCraft",
	"parent": "minecraft:block/ore",
    "textures": {
      
		"base": "minecraft:block/stone",
	
		"ore_top": "powah:block/ore_uraninite_block",
		"ore_side": "powah:block/ore_uraninite_block"
	  },
	"elements": [
		{
			"name": "Base",
			"from": [0, 0, 0],
			"to": [16, 16, 16],
			"faces": {
				"north": {"uv": [0, 0, 16, 16], "texture": "#base", "cullface": "north"},
				"east": {"uv": [0, 0, 16, 16], "texture": "#base", "cullface": "east"},
				"south": {"uv": [0, 0, 16, 16], "texture": "#base", "cullface": "south"},
				"west": {"uv": [0, 0, 16, 16], "texture": "#base", "cullface": "west"},
				"up": {"uv": [0, 0, 16, 16], "texture": "#base", "cullface": "up"},
				"down": {"uv": [0, 0, 16, 16], "texture": "#base", "cullface": "down"}
			}
		},
		{
			"name": "Ore East",
			"from": [-7, 6, 4],
			"to": [-2, 11, 9],
			"rotation": {"angle": 22.5, "axis": "y", "origin": [0, 0, 0]},
			"faces": {
				"north": {"uv": [10, 1, 15, 6], "texture": "#ore_top", "cullface": "west"},
				"east": {"uv": [5, 5, 10, 10], "texture": "#ore_top", "cullface": "west"},
				"south": {"uv": [1, 10, 6, 15], "texture": "#ore_top", "cullface": "west"},
				"west": {"uv": [5, 5, 10, 10], "texture": "#ore_top", "cullface": "west"},
				"up": {"uv": [1, 1, 6, 6], "texture": "#ore_top", "cullface": "west"},
				"down": {"uv": [1, 1, 6, 6], "texture": "#ore_top", "cullface": "west"}
			}
		},
		{
			"name": "Ore South",
			"from": [11, 6, 11],
			"to": [16, 11, 16],
			"rotation": {"angle": -22.5, "axis": "y", "origin": [0, 0, 0]},
			"faces": {
				"north": {"uv": [5, 5, 10, 10], "texture": "#ore_top", "cullface": "south"},
				"east": {"uv": [1, 10, 6, 15], "texture": "#ore_top", "cullface": "south"},
				"south": {"uv": [5, 5, 10, 10], "texture": "#ore_top", "cullface": "south"},
				"west": {"uv": [10, 1, 15, 6], "texture": "#ore_top", "cullface": "south"},
				"up": {"uv": [1, 10, 6, 15], "texture": "#ore_top", "cullface": "south"},
				"down": {"uv": [10, 1, 15, 6], "texture": "#ore_top", "cullface": "south"}
			}
		},
		{
			"name": "Ore West",
			"from": [16, -2, 6],
			"to": [21, 3, 11],
			"rotation": {"angle": 22.5, "axis": "z", "origin": [0, 0, 0]},
			"faces": {
				"north": {"uv": [1, 10, 6, 15], "texture": "#ore_top", "cullface": "east"},
				"east": {"uv": [5, 5, 10, 10], "texture": "#ore_top", "cullface": "east"},
				"south": {"uv": [10, 1, 15, 6], "texture": "#ore_top", "cullface": "east"},
				"west": {"uv": [5, 5, 10, 10], "texture": "#ore_top", "cullface": "east"},
				"up": {"uv": [10, 10, 15, 15], "texture": "#ore_top", "cullface": "east"},
				"down": {"uv": [10, 10, 15, 15], "texture": "#ore_top", "cullface": "east"}
			}
		},
		{
			"name": "Ore North",
			"from": [5, 6, -7],
			"to": [10, 11, -2],
			"rotation": {"angle": -22.5, "axis": "y", "origin": [0, 0, 0]},
			"faces": {
				"north": {"uv": [5, 5, 10, 10], "texture": "#ore_top", "cullface": "north"},
				"east": {"uv": [10, 1, 15, 6], "texture": "#ore_top", "cullface": "north"},
				"south": {"uv": [5, 5, 10, 10], "texture": "#ore_top", "cullface": "north"},
				"west": {"uv": [1, 10, 6, 15], "texture": "#ore_top", "cullface": "north"},
				"up": {"uv": [10, 1, 15, 6], "texture": "#ore_top", "cullface": "north"},
				"down": {"uv": [1, 10, 6, 15], "texture": "#ore_top", "cullface": "north"}
			}
		},
		{
			"name": "Ore Top",
			"from": [11, 10, 6],
			"to": [16, 15, 11],
			"rotation": {"angle": 22.5, "axis": "z", "origin": [0, 0, 0]},
			"faces": {
				"north": {"uv": [1, 1, 6, 6], "texture": "#ore_top", "cullface": "up"},
				"east": {"uv": [10, 1, 15, 6], "texture": "#ore_top", "cullface": "up"},
				"south": {"uv": [1, 1, 6, 6], "texture": "#ore_top", "cullface": "up"},
				"west": {"uv": [5, 5, 10, 10], "texture": "#ore_top", "cullface": "up"},
				"up": {"uv": [5, 5, 10, 10], "texture": "#ore_top", "cullface": "up"},
				"down": {"uv": [5, 5, 10, 10], "texture": "#ore_top", "cullface": "up"}
			}
		},
		{
			"name": "Ore Bottom",
			"from": [5, -7, 5],
			"to": [10, -2, 10],
			"rotation": {"angle": 22.5, "axis": "z", "origin": [0, 0, 0]},
			"faces": {
				"north": {"uv": [1, 10, 6, 15], "texture": "#ore_top", "cullface": "down"},
				"east": {"uv": [1, 10, 6, 15], "texture": "#ore_top", "cullface": "down"},
				"south": {"uv": [10, 10, 15, 15], "texture": "#ore_top", "cullface": "down"},
				"west": {"uv": [1, 10, 6, 15], "texture": "#ore_top", "cullface": "down"},
				"up": {"uv": [5, 5, 10, 10], "texture": "#ore_top", "cullface": "down"},
				"down": {"uv": [5, 5, 10, 10], "texture": "#ore_top", "cullface": "down"}
			}
		}
	]
}