{
  "credit": "Made by AlleCraft",
  "parent": "gobber2:block/gobber2_lucky_block",
  "textures": {
    "particle": "gobber2:block/gobber2_lucky_block",

    "1_e": "gobber2:block/ore_gobber2_block_nether",
    "2_e": "gobber2:block/ore_gobber2_block",
    "3_e": "gobber2:block/ore_gobber2_block",

    "1_s": "gobber2:block/ore_gobber2_block",
    "2_s": "gobber2:block/ore_gobber2_block_nether",
    "3_s": "gobber2:block/ore_gobber2_block",
    
    "1_w": "gobber2:block/ore_gobber2_block",
    "2_w": "gobber2:block/ore_gobber2_block",
    "3_w": "gobber2:block/ore_gobber2_block_nether",

    "1_n": "gobber2:block/ore_gobber2_block",
    "2_n": "gobber2:block/ore_gobber2_block_nether",
    "3_n": "gobber2:block/ore_gobber2_block",

    "1_t": "gobber2:block/ore_gobber2_block",
    "2_t": "gobber2:block/ore_gobber2_block",
    "3_t": "gobber2:block/ore_gobber2_block_nether",

    "1_b": "gobber2:block/ore_gobber2_block",
    "2_b": "gobber2:block/ore_gobber2_block",
    "3_b": "gobber2:block/ore_gobber2_block_nether"

  }
}