{
	"display": {
		"icon": {
			"item": "oak_planks"
		},
		"title": "Stale Air",
		"description": "Enter an abandoned mineshaft",
		"announce_to_chat": false
	},
	"parent": "platy:caving/bat_kill",
	"criteria": {
		"mineshaft": {
			"trigger": "location",
			"conditions": {
				"player": [{
					"condition": "inverted",
					"term": {
						"condition": "alternative",
						"terms": [{
								"condition": "location_check",
								"predicate": {
									"biome": "badlands"
								}
							},
							{
								"condition": "location_check",
								"predicate": {
									"biome": "badlands_plateau"
								}
							},
							{
								"condition": "location_check",
								"predicate": {
									"biome": "modified_badlands_plateau"
								}
							},
							{
								"condition": "location_check",
								"predicate": {
									"biome": "wooded_badlands_plateau"
								}
							},
							{
								"condition": "location_check",
								"predicate": {
									"biome": "modified_wooded_badlands_plateau"
								}
							},
							{
								"condition": "location_check",
								"predicate": {
									"biome": "eroded_badlands"
								}
							}
						]
					}
				}],
				"location": {
					"feature": "mineshaft"
				}
			}
		}
	}
}