{
	"display": {
		"icon": {
			"item": "iron_pickaxe"
		},
		"title": "Caving",
		"description": "In the depths of Minecraft",
		"background": "minecraft:textures/block/stone.png",
		"show_toast": false,
		"announce_to_chat": false
	},
	"criteria": {
		"cave_air": {
			"trigger": "enter_block",
			"conditions": {
				"block": "cave_air"
			}
		},
		"level": {
			"trigger": "location",
			"conditions": {
				"player": [{
					"condition": "inverted",
					"term": {
						"condition": "alternative",
						"terms": [{
								"condition": "location_check",
								"predicate": {
									"biome": "ocean"
								}
							},
							{
								"condition": "location_check",
								"predicate": {
									"biome": "deep_ocean"
								}
							},
							{
								"condition": "location_check",
								"predicate": {
									"biome": "frozen_ocean"
								}
							},
							{
								"condition": "location_check",
								"predicate": {
									"biome": "deep_frozen_ocean"
								}
							},
							{
								"condition": "location_check",
								"predicate": {
									"biome": "cold_ocean"
								}
							},
							{
								"condition": "location_check",
								"predicate": {
									"biome": "deep_cold_ocean"
								}
							},
							{
								"condition": "location_check",
								"predicate": {
									"biome": "warm_ocean"
								}
							},
							{
								"condition": "location_check",
								"predicate": {
									"biome": "warm_ocean"
								}
							},
							{
								"condition": "location_check",
								"predicate": {
									"biome": "lukewarm_ocean"
								}
							},
							{
								"condition": "location_check",
								"predicate": {
									"biome": "deep_lukewarm_ocean"
								}
							}
						]
					}
				}],
				"location": {
					"position": {
						"y": {
							"max": 50
						}
					}
				}
			}
		}
	},
	"requirements": [
		[
			"cave_air",
			"level"
		]
	]
}