{
	"parent": "platy:caving/spyglass_ghast",
	"display": {
		"icon": {
			"item": "dragon_head"
		},
		"title": {
			"translate": "advancements.adventure.spyglass_at_dragon.title"
		},
		"description": "Look at the ender dragon through a spyglass",
		"announce_to_chat": false
	},
	"criteria": {
		"spyglass_at_dragon": {
			"trigger": "using_item",
			"conditions": {
				"player": [{
					"condition": "entity_properties",
					"predicate": {
						"player": {
							"looking_at": {
								"type": "ender_dragon"
							}
						}
					},
					"entity": "this"
				}],
				"item": {
					"items": [
						"spyglass"
					]
				}
			}
		}
	}
}