{
	"parent": "platy:caving/spyglass_parrot",
	"display": {
		"icon": {
			"item": "ghast_tear"
		},
		"title": {
			"translate": "advancements.adventure.spyglass_at_ghast.title"
		},
		"description": {
			"translate": "advancements.adventure.spyglass_at_ghast.description"
		},
		"announce_to_chat": false
	},
	"criteria": {
		"spyglass_at_ghast": {
			"trigger": "using_item",
			"conditions": {
				"player": [{
					"condition": "entity_properties",
					"predicate": {
						"player": {
							"looking_at": {
								"type": "ghast"
							}
						}
					},
					"entity": "this"
				}],
				"item": {
					"items": [
						"spyglass"
					]
				}
			}
		}
	}
}