{
	"pools": [{
		"rolls": 1,
		"entries": [{
				"type": "minecraft:item",
				"name": "minecraft:green_dye"
			},
			{
				"type": "minecraft:item",
				"name": "minecraft:purple_dye"
			},
			{
				"type": "minecraft:item",
				"name": "minecraft:cyan_dye"
			},
			{
				"type": "minecraft:item",
				"name": "minecraft:light_gray_dye"
			},
			{
				"type": "minecraft:item",
				"name": "minecraft:gray_dye"
			},
			{
				"type": "minecraft:item",
				"name": "minecraft:pink_dye"
			},
			{
				"type": "minecraft:item",
				"name": "minecraft:lime_dye"
			},
			{
				"type": "minecraft:item",
				"name": "minecraft:light_blue_dye"
			},
			{
				"type": "minecraft:item",
				"name": "minecraft:magenta_dye"
			},
			{
				"type": "minecraft:item",
				"name": "minecraft:orange_dye"
			},
			{
				"type": "minecraft:item",
				"name": "minecraft:blue_dye"
			},
			{
				"type": "minecraft:item",
				"name": "minecraft:brown_dye"
			},
			{
				"type": "minecraft:item",
				"name": "minecraft:black_dye"
			}
		]
	}]
}