{
	"pools": [{
		"rolls": 1,
		"entries": [{
				"type": "minecraft:item",
				"name": "minecraft:pumpkin_seeds",
				"functions": [{
					"function": "minecraft:set_nbt",
					"tag": "{maxUses:16,buy:{id:\"minecraft:emerald\",Count:1b},TradeOffer:1b}"
				}]
			},
			{
				"type": "minecraft:item",
				"name": "minecraft:pumpkin",
				"functions": [{
					"function": "minecraft:set_nbt",
					"tag": "{maxUses:8,buy:{id:\"minecraft:emerald\",Count:1b},TradeOffer:1b}"
				}]
			}
		]
	}]
}