{
	"display": {
		"icon": {
			"item": "music_disc_11"
		},
		"title": "Full Album",
		"description": "Obtain every music disc",
		"frame": "challenge"
	},
	"parent": "platy:combat/music_disc",
	"rewards": {
		"experience": 75
	},
	"criteria": {
		"13": {
			"trigger": "inventory_changed",
			"conditions": {
				"items": [{
					"items": ["music_disc_13"]
				}]
			}
		},
		"cat": {
			"trigger": "inventory_changed",
			"conditions": {
				"items": [{
					"items": ["music_disc_cat"]
				}]
			}
		},
		"blocks": {
			"trigger": "inventory_changed",
			"conditions": {
				"items": [{
					"items": ["music_disc_blocks"]
				}]
			}
		},
		"chirp": {
			"trigger": "inventory_changed",
			"conditions": {
				"items": [{
					"items": ["music_disc_chirp"]
				}]
			}
		},
		"far": {
			"trigger": "inventory_changed",
			"conditions": {
				"items": [{
					"items": ["music_disc_far"]
				}]
			}
		},
		"mall": {
			"trigger": "inventory_changed",
			"conditions": {
				"items": [{
					"items": ["music_disc_mall"]
				}]
			}
		},
		"mellohi": {
			"trigger": "inventory_changed",
			"conditions": {
				"items": [{
					"items": ["music_disc_mellohi"]
				}]
			}
		},
		"stal": {
			"trigger": "inventory_changed",
			"conditions": {
				"items": [{
					"items": ["music_disc_stal"]
				}]
			}
		},
		"strad": {
			"trigger": "inventory_changed",
			"conditions": {
				"items": [{
					"items": ["music_disc_strad"]
				}]
			}
		},
		"ward": {
			"trigger": "inventory_changed",
			"conditions": {
				"items": [{
					"items": ["music_disc_ward"]
				}]
			}
		},
		"11": {
			"trigger": "inventory_changed",
			"conditions": {
				"items": [{
					"items": ["music_disc_11"]
				}]
			}
		},
		"wait": {
			"trigger": "inventory_changed",
			"conditions": {
				"items": [{
					"items": ["music_disc_wait"]
				}]
			}
		},
		"pigstep": {
			"trigger": "inventory_changed",
			"conditions": {
				"items": [{
					"items": ["music_disc_pigstep"]
				}]
			}
		}
	}
}