{
	"display": {
		"icon": {
			"item": "bow"
		},
		"title": {
			"translate": "advancements.adventure.shoot_arrow.title"
		},
		"description": {
			"translate": "advancements.adventure.shoot_arrow.description"
		},
		"announce_to_chat": false
	},
	"parent": "platy:combat/kill_monster",
	"criteria": {
		"shot_arrow": {
			"trigger": "player_hurt_entity",
			"conditions": {
				"damage": {
					"type": {
						"is_projectile": true,
						"direct_entity": {
							"type": "arrow"
						}
					}
				}
			}
		}
	}
}