{
	"display": {
		"icon": {
			"item": "crossbow"
		},
		"title": {
			"translate": "advancements.adventure.ol_betsy.title"
		},
		"description": {
			"translate": "advancements.adventure.ol_betsy.description"
		},
		"announce_to_chat": false
	},
	"parent": "platy:combat/bow",
	"criteria": {
		"arrow": {
			"trigger": "shot_crossbow",
			"conditions": {
				"item": {
					"items": ["crossbow"],
					"nbt": "{ChargedProjectiles: [{id:'minecraft:arrow'}]}"
				}
			}
		},
		"tipped_arrow": {
			"trigger": "shot_crossbow",
			"conditions": {
				"item": {
					"items": ["crossbow"],
					"nbt": "{ChargedProjectiles: [{id:'minecraft:tipped_arrow'}]}"
				}
			}
		},
		"spectral_arrow": {
			"trigger": "shot_crossbow",
			"conditions": {
				"item": {
					"items": ["crossbow"],
					"nbt": "{ChargedProjectiles: [{id:'minecraft:spectral_arrow'}]}"
				}
			}
		}
	},
	"requirements": [
		[
			"arrow",
			"tipped_arrow",
			"spectral_arrow"
		]
	]
}