{
	"display": {
		"icon": {
			"item": "cooked_beef"
		},
		"title": "Ghastly Butcher",
		"description": "Use a ghast to kill an animal",
		"frame": "challenge"
	},
	"parent": "minecraft:nether/return_to_sender",
	"rewards": {
		"experience": 250
	},
	"criteria": {
		"ghast_cannon": {
			"trigger": "player_killed_entity",
			"conditions": {
				"entity": {
					"type": "#platy:animals"
				},
				"killing_blow": {
					"direct_entity": {
						"type": "fireball"
					}
				}
			}
		}
	}
}